{"stats":{"minecraft:crafted":{"minecraft:crafting_table":1,"minecraft:spruce_planks":28,"minecraft:stick":4,"minecraft:wooden_pickaxe":1},"minecraft:mined":{"minecraft:spruce_leaves":3,"minecraft:spruce_log":7,"minecraft:brown_mushroom":1},"minecraft:used":{"minecraft:crafting_table":1},"minecraft:picked_up":{"minecraft:spruce_log":7,"minecraft:brown_mushroom":1},"minecraft:custom":{"minecraft:jump":33,"minecraft:time_since_rest":1405,"minecraft:leave_game":1,"minecraft:crouch_one_cm":213,"minecraft:sprint_one_cm":2921,"minecraft:play_time":1405,"minecraft:time_since_death":1405,"minecraft:walk_one_cm":1156,"minecraft:sneak_time":42,"minecraft:total_world_time":1405,"minecraft:interact_with_crafting_table":1,"minecraft:fall_one_cm":418,"minecraft:fly_one_cm":6420}},"DataVersion":3953}